{"stats":{"minecraft:dropped":{"minecraft:wheat_seeds":1},"minecraft:picked_up":{"minecraft:wheat_seeds":1},"minecraft:mined":{"minecraft:tall_grass":1,"minecraft:grass":1},"minecraft:custom":{"minecraft:jump":54,"minecraft:time_since_rest":1716,"minecraft:crouch_one_cm":89,"minecraft:leave_game":1,"minecraft:sprint_one_cm":6724,"minecraft:play_time":1716,"minecraft:time_since_death":1716,"minecraft:walk_one_cm":1671,"minecraft:sneak_time":34,"minecraft:total_world_time":1716,"minecraft:drop":1,"minecraft:fall_one_cm":1521,"minecraft:fly_one_cm":17899}},"DataVersion":3120}